Ben Din,1
U. 8,2
20

years,1
N. M.
Sir:—,2
Burner,1
U. 3,1
Sentiego Jureo,1
Co YOC,1
Elmor G.Crittenden,1
TWV.,1
Indian Schools,1
100 years,1
Cartwright-Davis Co.,2
PoJuque,1
Wholesale & Retail Butcher,1
Q.R.,1
mm W ",1
C. N. Goodman,1
Plato,1
Secaton,1
Pusblo Galistso,1
24th.inst,1
Archuleta,1
Caea,1
Osrpsntsr,1
Western,1
Cliff Dwellings,2
Apache,1
Sarta Clara,1
Voluns 2,1
Thousand One Hundred Twenty,1
Miamooptonbor 12,1
Atsittie Beray,1
Mountain Electric Co.,1
Sept. 3, 1909-Aug,1
14 I.,1
Lu" 4' ',1
Gents Clers,1
Tuba,3
Antonio Win,1
Ramon Slnchez,1
John H. Willum,1
Thomas,2
Signatures,1
Tuba City,1
U.8.Ind1sn Industrial School,1
the Haticxal Museum,1
N. H.
81r:~,1
Sufi,1
Bacon,2
2 190,1
the 12th,2
Hnrpor,1
Aaastaoio Urino,1
Jill do 1:3,1
I. D. Lovell,1
Juno 3d,1
April 16, 1005,1
Julius Soligmnn,1
Joann,1
C. H. Dudrow,1
August 17,1905,1
Na M.,1
Feb. 27m, 1905,1
Plant:,1
E. Le lie,1
Nov bzlcmlO/S/OS.,1
L-5500,1
Hun been,1
JJI. Berger,1
Santa 1e,1
Estenciu,1
Goudert,1
Goodman:-,1
Arizono,1
Arizonl,1
I,_ ..N,1
Nambe,3
Vega,1
Charles H. Searing,1
Pelph Pa Collins,1
Colorado Springs,7
Pueblea,1
May 24th,1
Luella s. Gen-p,1
Pueblee,3
Indian School Scrvloo,1
0' Clarinet,1
Q. 8!.,1
July,24
April 6, 1905,1
April 6, 1906,1
August 8,1905,3
June 10th,1
Broowlin,1
Ohio,6
Indium,6
Cooniti Iuying,1
Indiun,1
Cole,1
Dollop,1
Heeelero Apaohoe,1
Shea,1
Aug. 7' 19m,1
Tuesday,4
Bennie,1
J. Grandall,1
Senta Fe,4
Hush,1
Las Vegas,3
Pueblo Records Created,1
Pedro Pino,1
Curtis,1
Rey Chiao,1
Bugler-,1
diameter,1
the Acting At-,1
Henry Grunt,1
Jun 10,1905,1
W.S.Ind1an Industrial 80W291,1
Amberr File & Index Co.,1
14 5505-2215-4290,1
Hexicane,1
Elle,2
Boon,1
ISZHTTT,1
Azapito Herrera,1
Cooniti,1
111110030,1
3'57—,1
Northern NaVuho Agency,1
Shdnk Slicker,1
Chllocoo,1
Slate,1
Jane- Wikinson,1
June,4
11 ft,1
Eopamola,1
Day Sclmol Buildings,1
Santa F0,Now'lbxioo,1
Thie,2
Indieanill,1
Tesuque Pueblo,1
Espmole,1
Sept. 8th,1
New Msxioo Penitentiary,1
the Supreme court,1
Ark.,1
Aria,4
Aug. 7, 1906,2
Su J. Goodman,1
E'moml Bank,1
R. A. Speckmmn,1
Tunas,1
Julien nebete,1
707 Security Building,1
J. E. Alexander,1
Emerson,1
Grant Rivnnburg,1
Dolen,1
from 1 week,1
BI'UOOQ,1
Hewett:—,1
Santa 3!.,1
John V. Rush,1
1-1/2,1
Davidson's Patent
Shank Lester,1
C. E. Dagenett,1
Bantu Io,2
11' end,1
next May,1
Dcrtoh,1
election day,1
Supply Co.,1
QRV W ',1
711111.611,1
éM- 14—4 M,1
Owen,1
Frank Delgado,1
N. Y.
8131:-,1
Don 913';—,1
June 10.1905,1
Inn 1,1
Ihfléan Influstrial School,1
Pmlam,1
Missouri Pacific Ry,1
Cornelia,1
Dsy School Tsschor,1
October 31,1
G. L. hum,1
New Hexico,1
Bresiua,1
Phoenix,13
1191,1
Luke E. hereon,1
Gardner,1
April 21, 1906,1
Ozfrrd Ave,1
N. M-,1
Jack,25
A31uquerque,1
Pueblo Abiquiu,1
U m h,1
Renee,1
Teen,1
Thomas W.Voetter,5
N. M., July.24,1
Wilt,1
April 23,1
April 21,2
Anthony Whom,1
Santa Fe Iohool,1
Juanita,1
Jeinee A.8neok,1
Hattie,1
L. I. Manson,1
Popcorn,1
Crandoll,1
U.8.Ind1on Industrial School,1
I." aim,1
Anthony Fourchegn,1
N. M",1
Antonio Domingo Pena,2
4(1/,1
Santo Domingo,7
Haskell,1
2979129,1
I. I..,1
U. S.,2
several days,1
JUne 26, 1906,1
Lia Lugdlwr,1
Thcrcfcrc,1
Louis wauni,1
Ben Irmeieco,1
H. P. each,1
Charlie,1
N. Kuhn,1
Albuquorque,1
Willi,1
the month of July,1
30 7392-2100-5292,1
James K. Allan,1
Aug. 18,1
Aug. 17,1
U.S.Ind1un Industrial School,1
C. H. Scaring,1
Bettle .éreek,1
Becentb,1
Abbott,8
u. I.,1
1072 35th St.,1
W.Voetter,1
Ci W Abbot',1
1371,1
Weenington,1
William Fur,1
John C. Calhoun,1
Bert Phillipe,1
HASKGLL,1
Hundred Twenty-Four,1
Fred Hervey,1
July 7th,1
Spain,2
Sulvudor,1
John Flynn,1
Central American,1
Santa h,1
Palito Montoya,1
Imountlng,1
Schoal,1
ten-day,1
U'€.Indian Industrial School,1
Collins L.Pollard,1
William H.thn,1
Albert Danger,1
N. I. Penitenttery,1
«mm MO W,1
Son Jaon,1
Indie,4
Rapeettun,1
India,14
August 22, 1906,1
Ben June,1
Rohrfln,1
Thorororo,1
Lee Imus,1
Rupootmly,1
81a Pueblo,1
Respectfullv,1
Santa R,2
Indian School,17
U.S.1ndian Industrial School,1
the U. S. Ind-,1
Begey,1
Feb. 24th,1
33:11,1
Indiene,5
Firs Gallup m,1
Santu Io,1
the Interior Department,1
Comicsioner Indian Affairs,1
Oct. lsto,1
Clerk,3
Ruben Pony,1
Raindian School,1
NJL.,1
Corn-_---_--- ',1
William,1
Ina P.,1
New Iexieo,1
Haskell Institute,1
C. W. Goodman,2
Oeto 0.1m,1
Joule,1
Super,2
First National Bank,2
Thou H. o'mn,1
Wore,1
the Albuquerque Indien School,1
July 10, 1905,2
Tor-o5,1
Hemispheres------------ U,1
I.

Chum,1
Paul,1
E. I.
Deer Sir:-,1
Clinton,1
I. W,1
Lsttsrs Rscsivsd Iron Day School Tsachsr Clara,1
September,2
17-18,1
T. P. Hutu,1
Chas,6
Pueblo Schools,1
Norte,1
6446-2106-4340,1
1°1cur1e,1
Leo Hersoh,1
Joseph Routledge,1
Dyinon,1
N. M.

Dear'Sir:~,1
I. IL,2
William H.}£a.hn,1
Edward A.Cuiahy C0,1
Pringle,2
69121121,1
Mnille,1
Congress,13
Dunlap Paulo,1
11!.
years,1
Penasco,1
the 29th day of Sept., 1903,1
N. M.
Dear,1
Vie-human,1
Black Row,1
1902-1907,2
April 7th,1
Jemez Pueblo,1
Bornoo,1
B. Clerk,1
Mbssrs,1
this past Winter,1
Espinolt,1
Troy Laundry Mbchinery,1
August 29,1
Clare Indian,1
Jun coniz'rct,1
Crondoll,1
Summit,1
the Jicarilla Subagency,1
No.1,1
Pueblos 1am.-,1
the 2nd 1net,1
49 .IhVAMmlM 14m,1
Albuquerque Wool Scouting,1
Minnie Thomas,1
Bogay,1
Phoonix,1
Chloe,1
the Doportuont of,1
Indian Affairs,3
the Pueblo Indians,1
Francisco NaranJo,1
V. A. lacuna,1
MW"/—-4R,1
Background

Iron,1
Pi'eotone,1
I. I.,8
the Pueblo Indiana,2
C. L. Pollard,6
C. J. Crendell,1
Sayre,1
Chicago,34
the year,4
Detmer Woolen Co.,1
Indien Werehouee,1
Junte,1
Romero,1
Joseph Miles,1
Ferris,3
Amber File,1
Sam Pemahinyc,1
Santa I8,1
Ferriz,1
Sept. 4, 1905,1
the Indian Warehouse,1
Theo,1
August 5,1906,1
1969,1
Dec-bar,1
Lhnmt,1
Montoya,1
Thee,1
Vpfi K,1
Victorianu,1
For School,2
Mark Smeh,1
the 4th quarter 1006,1
Pepagoes,1
Iain,1
Jones,4
Santa Io,4
Dulce,9
N. M.
Dost Sir:-,1
Junnury 8,1906,1
Noun."- e'eoniu,1
Crendsll,1
Bonk,1
May 13th,1
Troy Laundry Compang,1
Arizona,33
March 21, 1905,2
4( f,1
Hrs Sage,1
W. H. Cox,2
Whiqh,1
Santa Is,1
TueSuay,1
January 31,1905,1
Meson,1
Eamon,1
Sia Pueblo,1
Santa II,1
Lewis,1
Albert Hoff,1
July 17, 1906,2
Jan. 12, 1906,1
N. M.
Madamz-,1
I912,1
Wag-m men,1
Joesting & Schilling,1
Alan llater,1
6400-1950-4650,1
Whiteriver,2
:1 school 5 The,1
A. Carroll,3
Chiloooe,1
W.W.Cu1ver,1
I'uba,1
Jun lie-n,1
Agency,2
11111-5,1
Chiloooo,3
W. U. Wheaten,1
Sacaton,5
Gran Tare m,1
the Favxgoer Juan Rifle,1
LL11,1
3mm wit,1
Eaaet,1
Board of Home Mission,1
Hu Wpurooyfintw1hflt,1
Santiago,3
I. e.,1
2 5',1
Wu ;mpt's,1
11111,1
U. S. Indian,1
Woolington,1
Iuan,1
Aeeneien Wm,1
Records,1
the Mohonk Conference,1
WM T?Mt"'e,1
Ion-bar,1
H. B. Cartwright,1
Allen:-,1
x. 11,2
Sahta Fe,1
McGowan,2
Louv,1
Pen 1,1
Jose Nickarson,1
Imolla s.,1
Anthony Fourchogu,1
C. ',1
U.S.Ind1on Industrial School,1
L. Pollard,1
Jose Maria,1
9.8.Inuian Industrial School,1
Chiloeoo,1
N. M.
Deer Sirz~,1
Washington,25
Agent,4
Hhcr,1
Peres,1
151391,1
the Dept,1
P. I.
sant' F0,1
Hardware & Supply Co.,1
Jaseph PIDunn,1
Superviaor,1
Jbesting & Schilling,1
150#/,1
District,1
Circular No,1
1nd the door»,1
Hospital,1
Indian Industrial Home,1
Pavwenger Agent S. P. R'y,1
S. F. Stacnmr,1
Indian haunt-1&1 School,1
another year,1
I.
Lime,1
Aug. 28, 1906,1
1th otnnr 9min,1
last year,3
John,4
sunr-
day,1
Sept. 21, 1908-Sept,1
Indien Induetriel School,1
Clinton J. Grandall,1
Los Angelos,1
Kniune 9,1
Ayeni Th3,1
Iatilde,1
Feb. 21,1
Feb. 23,1
Santa Fe Central Rv,1
some day,1
Foam 8d.—NAnonL,1
Domingo,3
R. Dare,1
NIBMIMMIII,1
Toxicana,1
July 22, 1906,1
Detmer Neglen Co.,1
IWI.Iterr Elyee,1
I. W. Mire,1
Goodmsn,1
April 19, 1906,1
Peterson,2
April 19, 1905,1
Iurnisycd,1
Alexander:-,1
15 11111121113 'ereé'ree,1
Vicente Galban,1
H. M.,,1
4 41',1
Mich.,1
Hana

Title,1
U. s. lax-mu,1
Dec. 15, 1904,1
U.S.Indian Industrill School,1
Santa l'e,2
Carlisle,2
Perry:~,1
Sofriana,1
June 9,1905,1
May 11, 1900-Hsr,1
Dom-r,1
Judze Pope,1
Indian Wet-emu,1
Jicarilla
Agency,1
June 30, 1905,1
011116,1
Men 1.0110,1
Stick om .tal,1
the Albuquerque Indian School,1
Santa GIaraS,1
Southern,2
Kean,1
Omlhn,1
Wall,1
William K.flahn,1
June 15th,1
Indy-tun,1
Grunt,1
Inspector's Certificate,1
I. G. Mitt,1
Nov. 25/1904,1
Pena Blanca,7
Albert R. Smiley,1
Cinarron,1
Mr.'M. Fay Pierce,1
Stella,1
Sept. 3d,1
U.8.Indien Industriel,1
Santa To,1
Mazda-ts-,1
Arisens,1
Edger L. Hewett,1
Plouo,1
Tenn.,1
Li lii'fi'l'lfll'y,1
Goodman,1
Hall 11933,1
Indian Industriul School,1
Varciel Quintene,1
N. u.,17
BAID,1
Kertln,1
Wingate,1
Tuoe,1
Ignacio,1
Don Sir:-,1
Wishinaton,1
Menu,1
Mary Sage,1
the Lend Office,1
Mary Saga,1
Arie,1
Ind.
Office,1
Bush,1
Jean 1:.,1
the 20th instant,1
N. Y.
Sire:—,1
Sallie Chienca,1
Shields,1
Cochiti Pueblo,1
Amuerquo,1
Pena Blence,1
Brown:-,1
five year,1
New Hence,1
Reyes A. Gurule,1
Ill.,14
Judse Abbott,1
Nuvujeee,1
Aotin,1
Nicola Yanni,1
Special Attorney,1
The Book Ielmd,1
H. M.,3
LaMrmw,1
Gaye,1
U.8.Indian Industrial Bdhool,1
Vietorteno,1
July 14, 1905,1
Juan'fiico,1
Frank Owen,2
Black Rock,2
131 Dub,1
1mm Inna,1
Eula,1
Minn,1
San Ildefoneo,1
Mina,1
N. H.
Dear,2
Stac'nez,1
MI W,1
Santa.,3
Ausuet 8,1906,1
Tesuque,1
Lula,1
Portland,1
Mint,1
Ina-uh,1
Native,1
Spoclal Dub Act,1
Mien Dunn,1
Spriggs,1
115m,1
Loth,1
Lou An-,1
MI. Wtflh
nw,1
U. l. m.,1
Jan. and,1
Sept. 30, 1905,1
E. Ccudex't,1
July 15th,1
June 28, 1905,2
two years,1
N. Y.
Deer 31r:~',1
Chic-noun,1
Farmer,2
May 11, 1905,1
Avril,1
Albert R. Smgley,1
N. I.

Madam,1
Jose Martinez,1
Aoril,1
James,2
H. Lippi,1
Miguel Lucio,1
Santa Il'o,1
Filna,1
Grmde,1
N. u.
",1
N. M. ,,2
Missouri,2
Indiana =,1
Industrial Teacher
C.J.Crandall,1
Pleurta,1
15113,1
June 28, 1906,1
W. Dudrov,1
Clow P-374,1
one week,1
Aas't U. S. Attorney,1
Georog,1
Declie,1
Santa Deninse,1
Banto Domingo,2
Sept. 18, 1906,1
8
no,1
C. L.'Pol'lurd,1
Colorode,1
Gross-Tare-,1
Antonio,,1
Bate ID,1
The year ending June 30th,1
Copt- 1».,1
State Fe,1
11010,1
June 9th,1
Sept. 2nd,1
L. Chelcraft,1
Inez,2
1906,14
Konnody,1
the quarter ending December 31,1904,1
Sewerpipe
6,1
J. G. Borrcgo,1
Aug. 30,2
Deputmnt,1
Harvey Towne,1
14 6376-2116-4261,1
U.S.India.n Industrial School,1
Demo Mini",1
Fernandez de ',1
Euffalo Scales CommanY,1
several quarters,1
A].-,1
Mama Mama Mm,1
Santa F5,1
J. an,1
N. l. Housekeeper,1
Keith,1
Suntfi Fe,1
School,1
Heron 16,1905,1
Rodey,1
Kiel 311,1
Jill Bay t«"l - ',1
the U. I.
OVnr,1
Heggett,1
Domingo Indiene,1
01110 Iith,1
Framer,1
Puouoo,1
J. E. Elder,1
21 days,1
Thornton a.,1
Ooohiti,1
Leo Hercch,1
Mi 1':-,1
Taco Pueblo,1
this month,5
N. M.. July,1
A.8nook,1
Faix,1
the 80th,1
Santa le,1
Santa Fe e,1
Santa lb,6
Anaetacio Trujillio,1
Santa D.,1
Kay, 1905,1
Taoe,1
Day School Buildings st Jones Pueblo,1
Antonio Kiribal,1
Isidro,1
OI 1,1
Como-e,1
June 38, 1905,1
Taoy,1
Cruz Perez,1
9,- 1906,1
Taos,11
E1 Page,1
14 45292-22;%%_'r,1
Crouee,1
1x & n,1
U.§.Indian Industrial School,1
Hana,1
Commissiox,1
some months ago,1
Sept. lat,2
3;.-,1
Renehm,1
U.S.Indien Industrial Bdhoolg,1
Colorodo Gringo,1
Hobart,3
Jaeko,1
N. M.
D,1
M. 27th,1
3'22 ft,1
II N,1
January,3
Corbett:—,1
L. Reuwol-J,1
Santa Fem" Indemmgust,1
Jan. 18, 1905,1
Sooley,1
Samuel F. Stacher,1
March 15,1
Residences,1
Depsrtmentel,1
Kellyefla,1
Navahos,1
Manual Brown,1
A. J. Abbott,3
August 7,1008,1
Jemee K. Allen,1
Arlz,2
W. T. Shelton,1
Oct. 36, 1905,1
the Omnhn Agency,1
1905-Harch 9,1
Ponaaco,1
Harper/,1
Coo'nlti,1
I. Duconett,1
Sant;,1
Escupuls Rivera,1
Son Ildofooso,1
Ben Felipe,3
N. M,4
Carson,1
N. MM June,1
Eapenole,1
Lo sounraCL F,1
I111,1
Sum Jack,1
the year limit,1
Jam-3,1
Francisco,2
Dear Sin-o,1
Ponira:-,1
March 23,1905,1
U.I.Indlun Industrial School,1
Oct. 4, 1305,1
Ramon,1
Kasas N.Enos,3lndustrial Teacher,1
104101,1
Colo.,12
April 9th,1
Burr,1
Ari/JIM,1
the end of six months,1
E. Dwott,1
Windows,1
Miss Rode,1
J. P. mluvy,1
United Pueblo Agencies,1
Ralph P. Collins,4
May 36,1
September 9,1905,1
Collins I..P011ard,1
Albert Emickmson,1
Sept. lot,3
Ailenwood,1
Kinnoapolls,1
File & Index Co.,1
February 1900-November 1913,1
Santa Fe Central,1
Albuquerquo,1
daily,1
Danvnr,1
N. 1,10
Domingo Indian,1
ten and over,1
Snnta Fe,1
Htmury,1
Ultra,1
Ingun,1
Santa ID.,1
Edith L. Behwold,1
the Indian Committee,1
Indians,94
Weehington,2
015.00 pot month,1
Pojeque,1
Juez,1
The Aountain Electric Co. by,1
Torranac C¢.,1
Indiana,38
Santu Fe,1
Juet,2
N. M. lmown,1
I. deelre,1
rN. u.,1
Anastaoio Urino,1
April 5th,1
Navaho,1
Verona,1
I. M.
",1
Chona Consoles,1
3m .x,1
Indian Warehouse,3
N. M.,,37
N. M..,1
N. M.',1
Jeok,1
Mi...- DI',1
May 23:1, 1906,1
J. B. B.,1
Index Co.,2
Sun Jun mom,1
eight or,1
Ian Folk,1
Box 903,1
Wee U,1
Suportutondont,1
Grandall,2
Luke ll,1
Iee'lexico,1
Edith L. Renwold,1
Lufszt,1
ACCOUNT.,1
Bendovel County,1
Carrol Trujill's,1
Indi

Shelton,1
Oewker,1
Leo Hersch,1
Aug. 1,2
Wah S.Rioa,1
N. M.
Deer Sin-,1
George,2
«nee-u,1
WH;LW1EH,1
New notice,1
Yazza,1
S. M. wrphy',1
Wilton,1
Asbeatos,1
the Office relative,1
Haskell Inst,1
Bento Domingo,2
Iuoh,1
the Hornby Nichols Porter ml.-,1
Jane,1
14 6220-2212-4178,1
Jana,1
the United States,5
Pueblo Day,1
Sun Jun.,1
Form,1
J'une 531000,1
New Nexico,1
Ford,1
C. L. Pollard/,1
Iehool,1
31... on,1
Nev.,1
Louie C.,1
Abram Castillo,1
Fulton St.

Chicago,1
Dec. 8,,1
Santiago Quintenne,1
Dwiro,1
El Paeo,1
Supt,25
Dwire,1
Sonto Domingo Indiene,1
the past month,1
Judd :y,1
English,3
Duet,1
the Dept.,2
Warner,1
Manta-r,1
Sam M,1
F.1LCoudert,1
Bmts 10/,1
Rivers,1
91919 9199999 91919919,1
Eetmcia,1
August 19,1905,2
Rivera,1
Alice Allen,1
Tens Pueblo,1
Kansas,1
Thornton,13
N. 1!.,3
Jones Ahzozimne,1
July 24, 1905,1
Isaac,1
Ron 3,1
York,2
Davidson,1
August,6
Belem,1
KIM-"1,1
Aug. 230:.,1
Diet,2
Ayril 20m,1
Cor V411,1
Jill,1
Garloclo,1
Santa FogNow,1
U.S.Indi|n Industrial School,1
today,7
Aug. 1, 1905,2
Julian ststs,1
October,1
Orrin A. Foster,1
Bond,1
Lee Vista,1
£1.10».,1
Curried Forward,1
Asher,1
William H.H8hn,1
Rocky,2
Indo,1
Haggett,2
Donvor,1
Aug. 2d, 1905,1
V. m.,1
1-3-4-,1
Ken cop'Nne,1
Sage,2
Hugh Souoeo,1
Pacific,1
Puqbloa,1
Locks,1
Stsbbinz,1
Jenn,1
William Farr:-,1
Run 7th,1
the Indien Office,1
Cnlcago,1
List of mess of,1
San Ildofonuo,1
John Flinn,1
Edmund,1
Dutch,1
Cheirmen Omittee,1
Idleel,1
N. M; ',1
Noble,2
R. It,1
the 2nd,3
May 8,1905,1
the spring,1
Reuben Perry,8
Indian School Service,2
The Whitney Company,1
wim I. 0mm,1
Chatten,1
June 16th,1905,1
Concha,1
Santa, Ee,1
Joseph P.Dunn Shoe,3
Ping W,1
the U. s. Reviee',1
Julian Labato,2
Juan Domingo,1
Martin,1
under 12 years of age,1
Metionel Archives Microfiln Publicetione M941,1
May 14,1904,1
Tans,6
Innisvith,1
Santo Eh,1
Fe Water,1
Iodine,1
E. Clark,1
Santa Fe Hardware & Supply,1
a. day,1
Santa Domingo,4
Jan. .9th,1
U.6.Indien Industrial School,1
Jose Noni,1
Puebiee,1
July 30, 1906,1
5w'mh'aiew,1
Sept. 8, 1905,1
the India Office,1
Clara D. Trus,1
Sept. 1th,1
2711,1
Sheet,1
U.S.Indien Industrial School,3
Buffalo N. Y.,1
Jenea,1
July 29, 1905,1
Hester,1
Jenez,2
Mela,1
Ghana,1
San Juan Pueblo,2
Round Rubber Piston Packing,1
H. Johnson,1
Aug. 19, 1905,1
Ann 22,1
K. Allen hoe ohlrfl',1
U.8.Ind1an Industriul School,1
Defiance,11
a few days,3
Rumsey & Sikeneter Co.,1
South Gaul,1
MN I. t.,1
N. H.
Sir:—,1
Tomas LuJan,1
H. M.
Deer Allen:-,1
N. am,1
Juntee,1
Jim am/,1
Ktng,1
216666,1
Pearl Evans,1
Charles H.86ar1n3,1
Chilecoo,1
1'1'»,1
June 2%.1905,1
Luis time,1
Bonk R. I. 1..,1
Ian-y,1
7' 7-,1
Granville Pendleten,1
Sun In,1
Indian Wurohmo,1
MMMMLL Jamar,1
P.Dunn Shoe & Leath-,1
Jan. 37, 1905,1
Ibttie,1
Sept. 1,1
New M,1
the Governmnnt Inks,1
Lsttsrs Iscsivsd Iron %,1
Stnta F0,1
Perk,1
10 6082-2262,1
Ateittie,1
Buporintond mt,1
Elgar L. Hewett,1
30 6882-2100-4782,1
N. M.
Sir;~,1
Jumez,1
Ruth,1
Wirtt,1
Isomethglng,1
Indisns,1
Indiuna,1
:'-,--:to Domingo,1
Tuceon,1
N. Mo,3
Sandoval,1
Ropr C. Spooucr,1
Ely 30th,1
Ruth 1,1
wcfi.lndian Industrial School,1
the Rtvor Cominimo,1
N. M.

81r;-,1
H. S. Murphy,1
C. V. Goodman,1
Imam Mo,1
Dec. 5th,1
Govt «a,1
Louis Rios,1
Childers,1
Santa F°'3'M',1
Lia-"10,1011,1
December 31,1904,1
N. M;,1
I. 031109,1
Letters Received 21 the Office
25 Indien AffeireI 1824-,1
Julian,1
_,,.»t,1
N. M.,57
Juan Jose Pena,1
Abltnot,1
Erik,1
Letmer Woolen Compaan,1
1006,1
Nov. 1,1
1874-1900,1
Industrial School,5
Jose Byanuaba,1
Gilli,1
4 Incantation,1
the Iodel of,1
Sente Anne,1
Jemoz,1
about July lot,1
Inca,1
Samuel Eldodt,1
the 17th,1
Starr,1
Ben Xavier,1
the 28th ult,1
tomorrow,6
William Bell,1
N. M. has charge,1
Monday,3
Ramon 8onchoz,1
Album-mu,1
Rmenbor,1
11011,1
Ramo'n Sanchez,1
6272-2206-4066,1
the Sun Ildofonso,1
W. A. Mercer

Supt,1
Pringlo,1
Mount 01',1
14 1,1
Santn Fe,1
Luke M. Emu-son,1
Jnrunry 14,1904,1
Bah Cord,1
9100-01,1
the Bureau of Indian
Affairs,1
Jose Rios,1
Aloalde,1
Martgn,1
South 4th,1
WSW-Alanna,1
N. M.
Deer Sir:§,1
Ufiudu,1
Colorado,13
R. G. Building,1
Esther M. Dagenett,1
1..:'.LB'3,1
N. M.
Doar 81r:~,1
Marika,1
Jblez,1
N. M.,',2
ALIIIIOGD,1
Sia Day,1
Fort Shaw,1
Nealer,1
last spring,1
Purdy,1
May 1, 1905,1
Outink Agent,1
30 7458-2202-5256,1
three years,1
Albsrt,1
S. F. R'Iz'o,1
Sllth s..,1
E. G. Crittendon,1
New Hex,2
Doccnbor 16 ',1
Los Augol,1
the month of August,1
Jrzlning School,1
Esponoln,1
Julian Labito,1
Hitch 26 6,1
Albert Daeger,1
Grip Handle,1
111110,1
Murphy,3
K. Allan,1
April 8th,1
Ella P.1Dénnia,1
18th,1
Mexicofihy 3,1905,1
the 20th of June,1
Field Offices,1
the Omissioner sent-3,1
Hall,1
Puye,1
2-11,1
lew'lbxico,1
Louovillo,1
Guam For Eccent,1
Hay 22d,1
N» M.,1
12 years,1
March 31,1
New 3192:.,1
Moria,3
Mam Lu,1
Edith L.Rdnwold,1
N. 1.1,1
Culver,1
Grandaii,-,1
Thoma W.Voottor,2
Sento Domingo,4
Augustus Vigil,1
Espenola,2
Hook Set,1
Bond & 60,1
1'1u,1
J. B. Brown,1
Chen,1
N. 1..,1
Schilling,1
Juana G. Lugan,1
The Colorado Supply 00,1
N. M.
Deer Hr,1
Richard 19rr Bacan ',1
Santa fie,1
Albuquorquo,1
Barry,1
Ind1an,1
A. B. W,1
Ion Ildefoneo,1
Yfi 4entrul R'y,1
Alouquerque,1
the Office to,1
Chamberlain,1
Christisn,1
Bontos,1
Vicentle,1
April 19, 1996,1
Fiscai year ending June 30,1903,1
N. I.
Dlar,1
J. Q. Buidridge,1
440474,1
30 4732-2202-2580,1
Obligc,1
Santo Domingo Pueblo,2
Inuit,3
Sundaye,1
Sept. 5, 1906,1
Rwudo,1
Efiht Le,1
Cliff Dwellinga,1
Julv,1
Pedro Gajete,1
NoIbc-San,1
Louis,1
Oklu,1
Ruth 3.1.."th,1
Mt-n,1
Genuezmmz,1
Louia,1
Alouquarque,1
a few years ago,1
Louie,2
U. I. tau",1
Papagoos,1
quil.qfia,1
Jan. 24,1
Villa,1
Foraker,1
Attorny,1
N.H. June,1
Pueblo 11mm,1
Jan. 24th,1
Allen,7
Education,1
Wuhiugton,1
Jock,1
San Juan,10
Rupeotmny,1
June 19, 1906,1
Deer Sift-e,1
Little Water,1
1920,1
Leughiin,1
Waehincton,1
1890-1918,1
Winslow,1
some years ago,1
Crane Co.,1
Jim Azozl,1
Meme,1
Janusry,1
Iowa,1
July 89, 1905,1
Nescalero,1
Mont.,1
Jun. 6,1
Jun. 1,1
Vontura Calabaaa,1
SrWJ-wn,1
Teouque,1
Aug. 11,1
Kan8,1
Butt,4
Clork,1
Navajo,1
Charles H.Searing,1
9.. I. I.,1
W. t W 0,1
May 11, 1824,1
Teas,1
Sash Weights,1
Hinriolu,1
West Lebanon,1
Civil Service Commission,1
C. E. Decenett,1
Lhir,1
Minnie,1
Oct. 7th,1
3311,1
jobanon,1
West Lennon,1
U.S.Ind1en Industrial School,1
3211111,1
Oct. 21,1
Mull,1
W. M,1
Kane,4
Deming,1
Santa Clara Day School,1
R. I. Pringle,1
Stun Fee,1
E111,1
Sentn Fe,1
Ilgihend,1
Aztol,1
the Coenissioner of Indian,1
July 31,2
this spring,3
N. M.
Sir:-,2
July 31, 1905,1
Lyn 7th,1
Max Frost,1
10 0123,1
Late:,1
3001,1
New Mexico,66
7' 1906,1
Riverside,4
WlDudnow,1
Calif.,6
Sept. 1902,1
Dunbar 28rd,1
September 12,1905,1
Jolee Ihero,1
W. V's-M,1
Suaton,1
T.P.Hartin,1
IN" V,1
Mlee Dawson's,1
Mcnday,1
Stoam Pitt-or,1
Twenty-Two,1
Neb.,3
COMP,1
Oov't ox-,1
Santa Olen,1
Thomas W.Vbottor,010rk,1
1.3.Inlian Industrial School,1
Keeper,1
Martin S.llu.rphy,1
two weeks,1
Walther,1
Lansklo,1
the Nance Pueblo Indians,1
476,97 m»,u¢1mm.-a72/3q»,1
Bsnto Domingo,1
null-"d W,1
J'ou,1
Singer Nb,1
Ln repLy,1
Navaho Ft,1
fLscal-years,1
Ledi e,1
Lnnghlln,1
William H.Hahn,2
Bente,2
Depertnentel,1
a few years,1
Oct. 14,1904,1
3-#6,1
Escupuls Rivers,1
INA-ml,1
Wood,1
May 16, 1906,1
Carmelita Antonio,1
Nobles,1
Sen Felipe,4
Bente Fe,2
Rios,1
Blmoe,1
Vontau Romero,1
Tsos,1
1890,1
a half day,1
Marcus Boos,1
Luna 9',1
S. M. MCC.,1
Sou-spam,1
Roeeberry,1
Ncw Mexiuo,1
Frank Mead,3
Plano,1
the Netionel Archives,1
Starr Hayes,1
3911,1
Antone,1
Lnfit 3t,1
the U. S. Indian Service,1
Pueblo I111,1
Kansas City,2
Heehington,1
Elvira Hurtinez,1
a month,1
Ghsauma,1
Maya,1
Magangton miLu,1
Santa Fu,1
Burton",1
Gus Olooo,1
Thomas W.Enoa,1
C. J. C.,1
Clinching Nails,1
S. E. Murphy,1
14 6624-2212-6612,1
Milwaukee,1
93 In
1°,1
U. S. troops,1
31.:- G.Crittcalsn,1
United,3
Reeervetiens,1
Jan. 85, 1905,1
Santa Clare,1
Aloeldo,1
Heron,2
Minn.,5
Mexicans,4
L1,pgg-,1
Pueblo School,1
Butt F.,1
San Fz'wcimo,1
weekly,2
Yuma,1
N. 1-1,1
Tb U..$.flzmz,1
45 1,1
Lust,1
z.y inuxan,1
current quarter,1
M/nm/af mw/,1
1824-1880,1
Robinson,2
Galena Ave,1
Qficehro,1
Isaac W.Dw1re,1
Fol-mt,1
next
month,1
Cmiseioner,1
Minna,1
Peairsz-,1
Sam Eldodt,5
New Memico,1
the 6th instant,1
Pin:,1
N. M. a tick,1
7 Supernatant,1
C. L. Pollard 3}anH,1
N. M" 8:31,1
Jbefie lirenJO,1
Mann,1
September 1893-lebruary 1894,1
Wynn,1
A» J. Abbott,1
7-1/7de,1
Lear Madam:-,1
annually,1
MKMQL'E,1
some three years,1
Aug. 5, 1906,1
Juan de Jesus,1
25 5306-1500,1
Frederick Siegner,1
21:16:. 12',1
Issblo,1
Army,1
Aug. 1:3,1
Slflta Fe,1
Domingo Indiana,1
Santa Fe Indian School,6
July 11,1904,1
Vienna,1
eJeot,1
that year,1
1".» a. a...,1
Roofing Tin,1
Peter Dolan,1
118222,1
Jan. 16,1
1854,1
Jan. 10,2
Mlmt um»,1
the end of the fiscal your,1
WareLouse,1
N. H.

at,1
C.L.Pollerd,2
Linden St.,1
L.Pollard,1
Martin Concha,2
Santa 1'0,2
Ilse Ferris,1
San Ildetenso,1
Paebloo,1
Oklahoma,1
San Jose,1
Butt In,1
U.S.lndian Industrial School,1
Dreee Peper,1
June 26th,1
1935,2
B. H3rper,1
N. I.

Sir:-,1
P. Wag

Dcnvor,1
Harry B.Lyford,1
Feb. 21, 1905,1
Rambo,1
March 29,1906,1
J. Roo Browning,1
Hugh Box,1
Urine,1
W. O D,1
Oincimu,1
Neveioe,1
Gullotoo,1
Refugio,2
Ely 5, 1906,1
April 1063,1
Iereheuee,1
t. I. l. .41",1
Seven Lakes,1
Luella,1
3/1"'1s 311,1
Ban Ildefonse,1
Teoe County,1
Jaxuery 2,1905,1
Governnnnt,1
Jose Elias,1
Arkansas,1
Roger c. 8pconer,3upt.1ndien ',1
Friday the 13th,2
April 17, 1905,2
April 17, 1906,2
the U. S. Civil Service Cm,1
Oct. 31,2
Santa re,20
Jelet,1
Industrial Teacher

C.J.Crand111,1
30 6760-2100-4660,1
Lutz,1
Aeeeteoio Urino,1
H. f'flok,1
Santa rs,1
Lute,1
one day,1
Santa rt,1
Inner King,1
Ar12,1
May 24,1905,1
Singer,2
Cgrrlod Forward,1
Antonio LuJan,1
Ve ry/Se,1
Detmcr Woolen Co.,1
Edward Morgan/ Burt Evans,1
I'rad,1
Indian
School,1
Innnptrinl

School,1
Harry,1
Picuria,1
Unicagc,1
Indien School,1
Field Matron,1
Lawerence,1
III/Y H.',1
House,2
Becky Ford,1
1?. 1,1
Whilst,1
Papsgo,1
Joseph,1
Oct. 3d,2
Bicenti,1
Mover,1
Oct. 6,1
the 16th instant,1
RBéw-Imounum,1
Bhutan,1
1206,1
1200,1
May I, 1905,1
Warehouse,1
July 81, 1906,1
June 30th,5
Oct. 7,2
Broen,1
Quay,1
Mendw,1
Chioego,1
7911,1
the next two weeks,1
Sunto Donlngo-Tnou,1
Sumo,1
I. I.
',1
E. A. Allen,1
Heron 7th,"1ooo,1
June 1890-,1
Oct. I,1
Thousand Five Hundred (,1
Chandte,1
San Ilde-,1
Omaha,3
Fornwdoz,1
N. M., No'v,1
N. M.
irz~,1
Nu m mwmwmwtuwm,1
Carillon,1
Oct. ',1
Lor Lie,1
14 6482-2116-4317,1
Oct. *,1
Inchington,1
LomMW-Hh Mm,1
Cliffs,2
I. I.
Sir:-,1
Chelorstt,1
Mexican,10
Santa we,1
Anthony Iourohegu,1
Rannn Sanchez,1
Blat,1
u. u.,2
C. L. puma,1
Pablo,5
Jae .K. Allen,1
Bee-0n Sanchez,1
Hmett,1
N. M.

Sire:-,1
Masouri,1
Suparintsndsnt,1
Edison,1
Samuel,1
U.8.lnd.1m Industrial School,1
7

[,1
Arkansas City,3
Isaac W. Dwire,1
November 25,1
month,4
Aug. U. 1..,1
P. 0,1
Sente re,1
Native America,1
Cechiti et,1
Specie,1
Sente,1
Ir Hanna,1
Strum,1
Lee Angelos,1
Whitney Compuny',1
Brno,1
Flagstaff,4
Angus,2
San Jinn,1
August 13, 1906,1
Governo Jemez,1
Chamlta,1
John B. Harper,1
Emii Kleinwort,1
between July 10 and July I7,1
Lewerenoe,1
eddrellO,1
Aug. 17/ 1905,1
John & Barnes,1
mm'e,1
the 30th,1
Chamberlain Indian School,1
the Indian Service,1
Iflam,1
C. M. rerekor,1
December 19,10,1
Mocclero,1
6610-1950-4660,1
6542-2210-4382,1
N.'l,1
N. 1:.,1
M155 Ferris,1
Denver,26
Bento Deisgo,1
M.S.Mnrphy,1
nmIee,1
Fiber,1
Vermin

Office,1
the 24th,1
East,1
January 18, 1903,1
March 22a,1
U.8.Indisn Industrisl,1
SOFOELVO,1
Miner-e Mus,1
Mich,1
Wilbur Watson,1
Weehlncton,1
Anne Gerdner,1
Rios Jossta,1
Duonett,1
July 22,,1
11-12,1
this week,2
Dmingo,1
Departments,1
Kittridge Bldng,1
Allenvood,1
N. l.,3
Piaaae,1
?;u# Puncw,1
the Surveyor Generel of New Mexico,1
Peeirs,1
W. Dwire,2
1849,1
1848,1
Kansans,1
Clark,13
Dec. 8 6014-22m-3794,1
Hoop Bros.,1
Clara,1
Milo,1
Wechington,1
Keenan,1
The Shaw Walker,1
Harry Keope,1
Runway Sikemeir C0,1
U.S.lnd1an Imam-1:1 School,1
Allenwood,2
Ion-INN,1
90541,1
Conn,1
Victor,1
mm Industrial School,1
Sovurianl,1
Seats Fe,1
Frank DCJbert,1
Route',1
Twentquour (,1
Louisville,2
C. F. Spader,1
Lin-ate,1
1908,4
a few weeks,1
The Santa Fe Indian School,1
1904,6
1905,29
Fort Apache,1
WW GWWZ H,1
Pusblo,1
Burt,1
N. M. at,1
:mmmama-wuuaga,1
NavaJoe,1
I. I.
Dwiro,1
Feb. 4, 1905,1
Lndian Industrial School,1
Feb. 4, 1906,1
Mun M10,1
Fort Defienoe,1
N.N4,1
Kennedy,1
Axbu,1
the 3rd quarter,1
N. M.

Dear,1
I7 Pepngo,1
American,2
Maude,1
Roger,1
Sept. 4th,_390t,1
the 13th,1
Curr,1
Inter,1
Lfld,1
Cheese,1
Aug. 22d,1
Ken McCabo,1
N. Y.,3
1:11,1
Bowling Green,4
Dagonott,1
I.- W w,1
Jim Azozi,1
H.
um».,1
1 few,1
Tomorrow,1
Miseian thv:i,1
Albuquerqyo,1
Mattie Price,3
1 few days,1
Ariz.,28
Tuoeea,1
N. H.,5
autumn,1
Indian School Borne,1
June 18, 1906,1
Albuquarque,1
Thompson,1
August 12,1905,1
Dec. 5, 1904,1
Sept. 17th,1
Aug. 5th,2
Tne Gov't,1
Surveyor,1
6474-1950-4526,1
August 3, 1905,1
Desks,1
Lhese,2
U.8.Ind1an Industrial School,6
the U. S.,1
8th Mn,1
Puller,1
Ilehingten,1
Chicnso,1
this year,6
E. M.,,1
the Rosvgell Military Inet,.,1
Blank,1
August 24,1906,1
December 1913,1
1351-19,1
Moaaru Curtfllght-Davis,1
S. B. Grimshaw,1
3 years,1
I. m.,1
Clofk,1
Germanpn-o,1
Ahbrosio Garcia,1
John V. Rdush,1
Mexico,13
Iudieae,1
534133130,1
October 9,2
Sean,1
Beau,1
the Indian Dept,1
Espenole,3
Okla.,3
Sente Clerc,1
Oelif,1
1901-15,1
Yukon,1
The Globe-Wernioke Co. ',1
Chamita,2
Bdrne'lillo,1
Chamite,1
Section 558,1
Douglaae Holt,1
August 18,1906,1
Mont,1
Dixon,4
Ssn Juan,1
Road 20,000,1
Leif,1
tinne-,1
Texas,2
the Santa F. Indiun,1
Santa Fe Indian Industrial,1
March 13,1905,1
Anastacio Urine,1
late,1
Torcva,1
Gents Fe,1
Andreue Calabasa mo,1
May 31,1904,1
Wimuwm-z a.,1
Bowltné Green,1
December
19 1904,1
BenJ. Reed,1
Mam-1,1
00 3nd,1
H.. July 21,1
Smtd Fe,1
mm a—,1
Nov. 29, 1904,1
Prest,1
Jicarilla,1
Chaunita,1
June 19,1905,1
Industrtol School,1
Jicarille,1
August 2,1
August 1,1
Sun Inn 36051..,1
Dist,1
Starr-Hayes,1
Holbrook,2
Newton,2
Ionics,1
Eapanola,4
Super-intention,1
Council,3
Perry:—,1
July 18, 1906,1
Dear Si ;-,1
Dec. 27,2
September 2,1906,1
Meears.. Ramsey,1
the fiscal year,3
1855-90,1
Stanley,1
Sacuton,1
February 2 1906,1
D. Levon,1
Dec. 2,1
Loxne,1
Pedro Cadete,1
Pabllta,1
Aug. 30, 1905,1
Aug. 30, 1906,1
Aug. 20, 1906,2
December 6, 1904,1
Christan,1
John'm,1
N. l. for tho,1
U.S.Indian Industrial School,23
Weldon,1
L. P01 Lardi,1
true day,1
Samuel F. Staoher,1
IIIO,1
ths 11 day,1
E. Dugenett,1
Jan. l-Dec,1
Pens Elma,1
Hulk 01,1
Pueblo Hui-nu,1
0100,1
Indien'cenittee,1
Fe/ M.,1
Jesus Harsh",1
Tucson,26
Pink Bun,1
C. Zingg,1
III.,1
Chane,1
Cdlif,1
Innt,1
Ilib

School Buildings,1
St. John & Barnes,1
Boston,1
Thousand Eight Hundred (,1
Staeher,1
N. I.
Deer Sir:-,1
U.S.Indian Industrial Sohool,8nntu,1
AOMG,1
Louis Candeldria,1
1660,1
Santa Fe School,3
Suntitenn,1
Lanna Fox,1
July 28, 1905,3
Wheeler & Wilnux,1
N. I.

Boar Sir:—,1
1'.hl'.s year,1
N. m.,1
Indian,185
Santa Clss,1
U.I.Ial1en Industrial School,1
1870,2
August Vt,1
N. L,2
1879,2
George Unato,1
311110,1
Bad-«Tao,1
Jacks,1
Joseph lileel',1
U.8.Indian Industrial School,3
NATIONAL AIOHIVII IICIOPILI PUILICATIONI

Microfilm Publication H1473

BUREAU,1
Aivun,1
MN Oct. 7,1
N. M.
Madam:-,1
N. M.
Madam:—,1
M. Ital,1
8.00 bOlldu,1
1850-1953,1
31.. Aug. 30, 1905,1
Albuqueque,1
Meecelero,1
Luelle S. Gellufi,1
N. M.

Suturdw,1
Pueblo 86:901-,1
Santa Fem,1
I. Io,1
Grand Junction,3
between 1890 and 1918,1
N. :5,1
1919,1
Civil Service,1
Cerliele,1
Venture,1
1taiziL,1
1911,1
1912,1
Inufianl,1
1914,2
J. M. Berger,2
Pueblos,42
Tomacito,1
Bantu/3'0,1
Crook,1
2020,1
H. H. "Johnson,1
Puebloe,2
Alexander,2
U. 8.1ndien Muriel,1
August 26,1905,1
May 9th,1
San Ildetoneo,1
Muir,1
Haakel,1
Estancia,1
Santa ?u,1
North St.,3
Navaho Grozisr,1
N. In,1
Konoublo,1
Suprome Court,1
Albuquerqzm,1
July 131,1
801001,1
Pena,1
La Mott,1
St. Paul,2
Santfi Fe,1
15 year,1
Lenora

~1,1
N. 3!.,1
Jemee,1
Weehincton,1
Juan Tfiomas,1
1199 9999,1
Lucie,1
N. IL,6
Nalbe,1
the First National Bank,1
National Museum,1
Sterographer,1
Witn,1
understand-,1
Martin S.Murpkw,1
Sept. 7th,2
I.O.B.Senta Fe,1
N. I.
Deer Mr. Allen:-,1
C. J.
Grandall,1
N. I.,6
Joeeting & Schilling,1
Pollard,1
July 19, 1905,2
Fort Defiance,1
A. I. t s. r. it,1
John E. Banach,1
N. n..,1
21-22,1
Bath Tube,1
Reepeetfuny,1
York 01w,1
Han Crucus,1
013113,1
Berger-e,1
Johnson,-,1
Rose Rios,1
Aug. 1.t,1
U. 8.1ndnn Industrial School,1
1113310,1
Indies School,1
Julian Laban,1
Jose 8103,1
Meaty,1
Ply Perot,1
G. V. Goodman,1
Fe City,1
June 7,1005,1
8313311311,1
Ebert,1
Jane 2,1905,1
December 31,1
the 27th int,1
this fall,1
July Mth,1
I. l.,1
Suite In,1
Isaac W.Dwiwe,1
W. A.

",1
Housvsr,1
Cochltl Pueblo,1
6380-1936-4444,1
9 Stat,1
Papago

Jsmsz,1
Pablo Abeyta,2
Nsw nexjco,1
Venturn,1
Ruth E. Laughlin,1
June 30,1905,1
March 21,1905,1
U.B.Indian Industrial School,1
N. R.
My,1
«try—,1
Fhoenix,1
Mon 0310',1
c. w.,1
Duran,1
z'nC,1
Catherine Indian,1
147/,1
S. F. Ry,2
June Its,1
the National Archives of,1
New'lexico,1
Sept. 19, 1905,2
Sept. 19, 1906,1
Sunday,1
N. :51,1
Charles Dingo,1
Daniel,1
Marion,1
San lldefoneo,1
Frank E. Coudert«~~Check,1
Coch-,1
25 5,1
April 7, 1906,1
Ute y'k-Eloufmz,1
Shirt,1
Doe} 81r:—,1
Aug. 28, 1905,1
Cheyenne,1
Isfahan,1
Tney,1
Ccrliclc Ind. School,1
9911,1
Tue H0,1
Run Mrvfita,1
Buporlntondmtk
',1
New York City,1
Sept. 8, 1906,1
Jemez,15
Sante:.Fe,1
I. Indian,1
Papagoee,1
Dec. 30,1
Sony,1
L. U. DIM",1
IWMOMI,1
Box Fittings
Box,1
Kind,1
May 18, 1905,1
Puoblou 1900-16,1
June 8,1904,1
Miguel Guhcgald,1
Aug. 28,1
Annie,2
Board of Hm,1
school Journals,1
Eurasia,1
April as,1
Battle Creek,2
5.1nd1an Industrial School,1
annual,1
31 6822-,1
F. Larrabee,1
H. B. Cartwright-& Bro,1
Hugh Sousea,1
N. M.
Deer Sir:-,3
Dawson,1
Jenner,1
Hop F,1
Charles Hispalmath,1
Inuian,1
Thorn-,1
LBJ-Int,1
Bantu Fe,6
June 13,1905,1
Pueblo Indian,1
Singer Sewing Machine Co.,1
August 5.1903,1
Recento,1
Philip Brown,1
Sentieteeen,1
Isnusl Brown,1
Goverer,1
Wflwmm,1
N. M.
0:13,1
monthly,3
Albert IJickinson,1
the 20th,2
81a Pudblos,1
California,1
McBride,1
Benino Sionoro,1
June 5, 1905,1
July 23,1
Prsss Copies of Lotters,1
River Bide,1
July 24,1
July 29,1
Ijrtould,1
Eepanole,1
N. n.,1
Eepanola,3
11 6400-2162-4238,1
October 10th,1
Ben Ildetonso,1
Issuquo,1
Arkeneee City,1
Grant of 0,10,1
Sam Eldest,1
SL.Louis,1
Jose Juan,1
Industriol School,1
Shaw Walker,1
Demon,1
New Elston,1
Colo,2
Ieek,1
Smtu Fe,1
Jo;r,1
City,1
Jsck,1
Khan,1
Sonto Domingo,1
0.119.113,1
Rafi,1
Ihggie
Norris,1
Relph P. Collins.—,1
I. Ir-M H." M,1
Jan. 9, 1905,1
April 21, 1905,1
II. Inlay,1
Ruben V3110,1
Dear Sir: -,1
1:!-,1
Tno Morrison,1
Luke,1
the month,4
18th to 20th,1
Thomas W.Voétter,010rk,1
Ulth Day School,1
Meir,1
Tees,3
Jose Rey Chinnena,1
V111 b. m,1
yesterday,4
Charles,1
March 25, 1905,1
Chilocco,1
N. M.
Deer Sir:—,2
27 Vols,1
Iexioo,1
Litton Ohio .111,1
Dsy School,1
Nesler,1
Loueivllle,1
Victor Dolan,1
Allenwoodt,1
N.M.,38
Ibsen,1
Albuquerque Indian,3
1964,1
Reton,1
1965,1
Sept. 3.51,1
New lexioo,1
H. Q'neil,1
Weehinzton,1
the Missouri River,1
Acknowledge,2
Albert,1
Mexlco,1
Bafllbsc,1
Colorado Telephone Co.,1
3049,1
up to 18 years,1
Douglas-y,1
Panacea,1
Enema,1
Juetly,1
Spool-.1 Dish,1
Joaquin Gomez,1
Territory,1
Albuqmrque,1
3046,1
101100 June,1
Bibo,3
Cffioe,1
6394-2206-4188,1
William Farr,5
Neigher,1
Juna 29,1906,1
Joel W. Tyndall,1
the Civil Service Commission,2
Jemez day,1
3 Dear,1
December 29,1
U.S.ludian Industrial School,1
F. E. couaort,1
John Minter,1
Reuben M.anfman,1
Shauld,1
Superintendont,2
Humming,1
Ind W M M,1
S;p3r;ufimnmqnt Crandall,1
Carrie,1
Goodall,1
Ecwo M. Tistar,1
Cincinnati,3
Lap Chi-m:-,1
Sept. 11,1
J.S. Indian,1
Clara D,1
W. M',1
Robert Driving-,1
T. B. Citron,1
25' 1905,1
Kenna,1
Sclwol,1
Santa In,4
Itthin 66,1
Inxloo-IO/B/ba,1
May 26, 1905,1
Amber 3,1
Charles 1:. Burton,1
Isiah,1
Momentum,1
Firm,1
April 20, 1906,1
UJJndien Industriel,1
Frank,3
Oct. lat,1
Albuquerquc,1
Albuquerque,72
Saute re School,1
Albino,3
N. M. ~ A,1
Octobsr 2,1
Bright German,1
Winter Grocery Co.,1
Aug. 5,1
New Kexioo,1
Aug. 2,1
Mulhonmd,1
Clow P-81,1
Bile,1
Bupt,1
the Pueblo Indium,1
Bill,2
James R. Allen,1
Antonio,1
Luke Emmerson,1
Commie:-,1
Affeirs,1
China,1
Loot,1
312/31 23,1
Pvfifons,1
B. Ilfold,1
I".ft1t,1
Peneeco,1
the 01111 Service,1
LII.,1
August , 1905,1
21876-83,1
Ln 3:5r,1
JIIOI-Nllb,1
Melieans,1
Scat,1
Bonn,1
Hexioo,1
Klttrldgo Building,1
.s.1ndian Industrial School,1
3.35.551».

 

W,1
mm Mum-INN».,1
Perry,1
Pedro Been,1
Ihdian,1
U.S.Indian Industriai School,1
Randell Golkino,1
John & Bernes,1
the U. I. III-"cor Gmerel,1
the Surgical Supply 09,1
the Pueblo Council,1
April 16,,1
Ind
Office,1
N. M.

Deer Sir:—,1
Qntp l9,1
Depte,1
Superintvndent Indian School,1
3 4',1
Edith Renwold,1
Donn" it,1
Indian Industrial School,12
July 28/ 1906,1
John Doe,1
Gertrude For,1
More roturuod,1
Indium Office,2
Mhy 13, 1906,1
April 80th,1
New Mexic018cptembar,1
Emma Houpt,1
Grundo,1
Anzac,1
Aidan,1
Imouui,1
Mescelero,1
1he Government,1
F. E. Coudert,2
Max Trust,1
M188 Maggi,1
N. 1!. ',1
6256-1676-,1
Grendsll,1
Sinta Fe,1
Setup-on,1
July 36,1
Aug. 2, 1906,1
July 39,1
Tro Laundry Machinery Co. Ltd.,1
Iphool m bun,1
Puo'bio,1
Amberg,1
16'mel'»,1
Pablitm,1
Edward,1
1898,1
Avis,1
one year,2
Jan.50th,1
1891,1
Pablita,2
1893,3
Ihehp,1
Jan. 14, 1905,1
Treaty of Guadalupe Hidalgo,1
ths day,1
2131,1
Abe Lincoln,1
I. I.
Mr,1
Wash-,1
Kori" II ",1
Inn Man,1
Nov. 17,1
Nevejoe,1
14 1001,1
The Pueblo Indians,1
Alcalde,1
Puobioo,1
three
years,1
Isaac W.Dwire,1
Springs,1
Indxan,1
Ui'lTJL,1
Houee,1
Oahu 8M0- rat-1W d,1
Pens Blanca,1
Carillos,1
9199199999 1159,1
Tulalip,1
Shell,1
Scott,1
April 4, 1905,1
Sonto Cloro,1
Crete,1
Penuco,1
Septmber,1
I.

',1
T.B.Bugler,1
Tees Trading 00,1
1853,1
11d 3,1
I. 1',1
William H. Blake,1
Julie Tre,1
Santanita Oonoha,1
Luke E9 Emerson,1
Lewis School,1
Crandall,4
N. H,1
J. Roe Inning,1
Jan. 1" 1903,1
W. Culver,2
N. KL,1
Norris,1
U.S.Ind1an Industrial School,1
Kean an10fi,1
Eapmflola,1
Joint,1
Thomas W.Vbetter,2
Stet,1
quarterly,1
the New Mexican,1
Pedro Boot,1
e Pine,1
D. C.
Deer Mr. Sherman-,1
Freon,1
N. K.,2
M. S. th'y,1
October 2nd,1
7¢ to 4~1/2¢,1
Berranoa,1
15mm 11331,1
the N. I.,1
1516 01111951113,1
I. II.,1
y. M.,,1
Eéspanula,1
Pope,1
T.P.Mart1n,1
Hagen,1
Oct.

Board of Home Missions,1
Luis Indira school,1
1e 31,1
Boer,1
65—267 Sout'a Canal St.,1
I. W. Dwire,4
Jute,1
W. \o It!»,1
C. W. Dildrow,1
I. W. Dwiro,1
Canatructicn,1
Tuesdays,2
Chemita,1
30452,1
the next 25 yeere,1
Corbett,1
Inspector Healer,1
N. EL,1
July 7, 1905,1
you.g,1
Appito Herr,1
State,1
July 6,194,1
Theodore Roosevelt,1
Suite,1
Samuel F. Stacker,2
Anne,1
John B. Hotpor,1
Janet,1
Jenna,1
H. D. Meyer,1
U.B.Ind1an Industr1&l School,1
7-8 Hsr,1
Leo Herech,1
Butte,5
West Lebanen,1
the Office weul,1
Wcigher,1
N. X.

Sir:~,1
Mattie A.Price,1
FRCC,1
L505,1
M. Sand,1
W. M. Potorson,1
1203811313,1
Arum,1
MoCune,1
The 3313,1
C. J. Crandall,1
Nevada,3
J'wt,1
Farris,1
Thomas I.Vbottor,1
New Maxim,1
Lhifi,1
Albuquerquw N. 11,1
Palm,1
Eldodt V.",1
Carrie 0,1
Carlsbad,1
N. m. June,1
the Indium School Jew-Isl,1
Jufiy,1
.'ierch 31,1
James K. Allen,4
Robert,2
Aug. 204, 1905,1
Pisa,1
1900,3
Ban Inch-u,1
M. S. Murphy,2
1/99,1
VssnLngton,1
Oct. 5, 1905,2
Luat ¢nww,1
Oct. 19,,1
Nora H.Hearet,1
Dec. 19,1
Senate I:1dien Committee,1
P. H. Lease,1
W. R. Johnson,1
Bank Depositories,1
Anthony Fourbhegu,1
Memphis,1
Puehlob,1
Sept. 25th,1
Lana,1
Alice Drivinglnwk,1
Coeniti,1
1111,3
B. M,1
Fawn Mexico,1
Gertrude ~err1e,1
1».
m,1
January 23,1905,1
u. M.,1
Schilling Co,1
three years old,1
WWW W,1
WW W wmrwWWEfigw,1
Tucsoni Arisgggl,1
Frank Heed,1
Tohatcni,1
File & Index,1
Sept. 1:.,1
«.25,1
nfilfl'iflos I. dill,1
16 c. 3,1
Clow,1
W.Dudrow,1
Indun Indutrul School,1
Nu York,1
June 9, 5770-1934-3836,1
Horn Brush,1
Razz 10,1
0.01th,1
Northern,1
Condor,1
U.8.Ind1a.n Industrial School,2
Puehloe,1
Agapito Herrera,1
Anna ll,1
Kerouac,1
Begay,2
July 1-24,;90L.,1
Russia,1
T. B. Bulgler,1
Ropoholu,1
July 10th, 1905,1
Roy Mexico,1
Thom twat»,1
M133 Lillie Williams,1
Jun Witt",1
Thoreau,1
Horton,1
Senta Clara,1
Mtiee,1
Cliff,1
March 15th,1
Aug. 10, 1910-Hay 31, 1911,1
Jan. ad,1
11-55,1
November 29, 1904,1
N. Miriam Nil,1
Sept. 17, 1906,1
Denver Manson,1
Asst,2
June
30th,1
N. M.
luv,1
the Civil Service Conmdssion,1
St. Louis,10
Hartin S. Murphy,1
12-13,1
Crown Moulding,1
::n Sanchez,1
Oct.,1
Annie Laura,1
Oxford,2
St. Louie,2
N. M., Aug.,1
Sept. 28, 1905,1
Wilson,4
Electric Co.,1
Anthony Fourchegu Check,1
R. Allen .ubuq,1
Smith,3
MTu Huggett,1
the 29th inetant hen,1
W. L. Trimble,3
Millie,1
Stump-Hun,1
Itand,1
IdviIed,1
Daniel More,1
Cecilia,1
Laushlin,1
Pueblo Indium,1
May 19th,1
N. M.

Sir:-,1
.W Purdy,1
August 81/1906,1
Sept. 1, 1905,3
Frank Head,3
Dear Sir:—,1
Andy View,1
Ohleeao,1
the 15th,1
Topeka,1
Adam,1
Jet.tw+f,1
I. I. Coudert,1
Jun 1!.,1
Suprfimnx,1
Supreme,1
Crate Closet Seat
Ctate Closet Seat,1
40 1988,1
the quarter,1
H. 1L,1
May 14, 1905,1
July 27, 1906,1
New Mox1c0,Ju1y,1
A. r. mac-tn»,1
the Civil Service,3
Lee Herm'a,1
Beointi,1
Aoequie,1
Jesua,1
Super-inundat-,1
1p 1191',1
Jun 25,1
Buettner,1
Espunola,2
Sinxs,1
Jno.0u.ll11nr,1
Agapito Moran,1
Treasury,1
New Wr;Lcou,1
30 7190-2202-4966,1
Itehington,1
Whitney Company,1
Mar. 9-Dec,1
I. 11-11,1
C. Strong,1
10131-3,1
Tnsvit,1
Office,3
Stacher,1
Pietro,1
I. There,1
Cochin,4
Joseph 131130,1
Chamjtn,1
Grove,1
Pedro Bao-,1
Shank Lastere,1
no day,1
N. Y.

Dear,1
Min Jeffrios,1
Berger:—,1
Buffalo,1
Pojoaque,1
Singer Sewing Machine,1
June 16,1905,3
Tho Supt,1
Lawrence,1
2232,1
William H. 31am,1
Pfiflann Shoe,1
Pleeee,6
N. TL,1
Jan. 19, 1905,1
Murpkl'j,1
Antonio Naranjo,1
Bugler,4
Wheeler,3
Reearita Lueele,1
Cliff Houees,1
Ohiosgo,1
Issonic,1
St. 8,1
Joso Santos,1
Iwrdte,1
Congressionel,1
mm M,2
N. H.

Dnar Sir:~,1
Los Angolan,1
Sen Ildofonso,1
Lamy,2
890114113,1
Allen,-,1
the Gold Bullion 00,1
Shank,1
Ileehuzton,1
Wax-Chou,1
Fran,2
W. ll.,1
14 6234-2216-4018,1
Abiquiu,3
1500,1
Coohiti,1
N. Y.

Sits:—,1
Geronimo Ouerrero,1
Damon Alvares,1
6244-2106-4138,1
the 14th,1
J. Roe Browning,4
United Stetes,1
R. G. B. R..a,1
Deer Sim-g,1
The New Proceee Concrete,1
New York ',1
Berger,3
Piourie,1
N. M" Fob,1
Santa Fe Hardware e Supply,1
June 19.1905,1
New York,8
Roe Brewing,1
Burton,1
Acequia,1
Zingg,1
22116,1
Jan. lat,2
E. J. Crittenden,1
18 7258-,1
Wncnington,1
the Baoa Location No,1
the Bureau of Indian Affairs,2
NJI.,4
Synta Fe,1
Antonio Luann,1
Contact Int,1
1 week,1
Bente II.,1
Jones I. Connors,1
Mu Mun-1.1,1
Sept. 30,1
Oct 7, 1906,1
Jlmfi,1
Thousand,1
the Indian Office,8
Mgmu
J I,1
20 years,1
Sante,1
Thomas W.Enos,1
X. IL,1
Santa,79
Sam.n Fe,1
Exam-2:1 Li,1
Juan Maria,1
Pueblo,47
Pierce,1
about 5 p,1
the ten years,1
Lu Venue,1
E. Dagnette,1
Pueble,1
R. G. RIB,1
Puebla,3
W.

M

Mt",1
Santa Fe Hardware,1
Annie M.Sayre,1
Mode,1
Pueblo mutton-,1
Taco County,1
Chloe MecDoneld,1
July-September 1914,1
1nt Cu,1
W476,1
Reserve,1
August 6th,1
M.M.Sundt,1
Mama 2,1
Sontu Fe,1
Victorieno,1
the day,3
Sante Fe,2
Novenber,1
Clara Pueblo,2
Anthony rourohegu,1
Roopoottuny,1
Saturday,2
Benn,1
C. H. "bury,1
July 19,1
36-38,1
Bernalillo,1
Canto,1
April 18, 1905,1
wringle,1
0031,1
Jeneo,1
a. month later,1
Indien Affeirs,1
Territorial,1
I. B.,1
Weehirmton,1
ULS.Indian Induatritl School,1
John Killer,1
1 month,1
Dear Sir end,1
Joseph P.Dunn,1
July 8,1906,1
New Hoxico,1
K. Allen,3
Meguilita Urine,1
Supte,2
Adeir,1
the fourth quarter,1
Heme,1
April 17th,1
San Ildefonsc,1
Oct. .12,1
F.E.Coudert,2
San Ildefonso,2
this school,1
William H.H&hn,1
Doc-.15,1
Coal,1
Abtqntu,1
Santa Po,3
Indisn,1
Santa Pb,1
Hake,1
Carlson,1
1c 1032,1
My :1,1
Quarters,1
Lieut,1
Santa PO,1
Felipe Indium,1
Manuel Dimas,1
Mauro,1
Smithton,1
Hattie Price,2
Heller,1
July 1,1
The Whitney Co. of,1
Mono .3,1
Oerun,1
Lt- wL-li,1
Lain «art,1
73116131153146,1
Vanuatu,2
111113199611,1
Thomas Morgcn,1
G. Lemmon,1
Teoe Pueblo,1
Santa J'e,1
Santa F.,1
the Office ut VMQ,1
Thomas W.Vootter,3
Sinks,1
N.H.,7
December 19,1904,1
5090,1
Jenoz,2
Pueblo
Indian Agency,1
01000,1
Ion Jinn,1
Gallup,9
Los Angeles,1
Govern,2
Santa F6,1
Santa to,2
Santa F3,2
Beoenti Be-,1
Santa F0,2
Bugtone,1
H. II.,1
IOXIOOJAM

Agent Santa,1
H. II-,1
Santo Domingo Indianl,1
Santa FF,1
Santa FD,1
Geohiti,1
CE 0F EXAMINATION OF STATEMENT OF ACCOUNT.,1
Tao-Jew,1
SIM. PC. I.,1
Day Schools,1
208454,1
June 15, 1906,1
Super-int»,1
Indian Service,1
Santa Fo,8
Aug. 17, 1905,5
Ieeving,1
Santa Fl,1
Sept. 9nd,1
N. M.

Sept.,1
Arisons,1
L. «3,1
Santa Fe,255
Rssgggggg,1
MexicoI 1851-1914,1
Santa Fb,1
Santa Fa,1
Indien,8
51100,1
Holyoke,2
March 1st, 1905,1
C.L.Pollard,2
U.€.Indian Industrial School,1
Leo Heraoh,1
G-I'M,1
Santa Clara,21
Junez,1
Sept. 11, 1905,1
Patton,1
Sanfo Domingo,1
Louisa,1
Square Flax Packing,1
Hm MM,1
July 2,1
Brick,3
Girla,1
Non H. Hour-t,1
Mary A.",1
N. u. _',1
Thannl,1
Suntu Fo,.N. l.,1
Mucus Boos,1
Ienee,1
U.s.1nd1am Induotriol School,1
Les Cruees,1
Wishington,1
I. Nellis,1
H. H. Johnson,2
2'» W,1
Sept 2d,1
Juan Arquoro,1
Lana reportad,1
Flora,1
Dec. 27, 1904,3
Antonio, Solano .........15 Papago,1
Yn-lr,1
Luke E. Emerson,2
Digneo Eros,1
May lat,2
U. "L,1
K Sn,1
Abiquiu Agsnciss,1
v.3.1munn Service,1
2 1906,1
Sept.,1
Ilene Wood Lute,1
Feby 18, 1905,1
20,or 25 days,1
Sanitariun,1
next week,1
Jurisdiction,2
4",.
z I,1
the coming year,1
Naranjo,1
the Indlen Office,1
Choctaw,1
Sentinite,1
Nambe Pueblo,1
Chiom,1
Day School Buildings,1
Bum N,1
the 2nd day,1
L55 Hersca,1
U.B.Indian Induemriel School,1
Julian Lebete,2
Ihet,1
Julian Lebeta,1
Pirurls,1
Rudolph,1
the 24th of June,1
D. C.,2
Suntu Fe,1
Undien Training Bonsai,1
July 10th,1
Mined,1
K. K.,1
Sun".,1
Jemaz,1
ten years ago,1
C. J. Grandall,1
Gauge Glasses,1
Saute Ann,1
Lavetoriel,1
Sam Eldoit,1
San Jmu2333,1
Santa h.,1
Haskell Inntitute,1
the Disbursing Office,1
St. Ju*c & Barnes,1
Herman Volardo,1
Lu anon,1
Strfies Cast Iron Pipe & Foundry Co.,1
m. Allen,1
Sente Fe,2
William H.Hhhn,2
Mamie DoBonette,1
Industrial School
Santa,1
Thor-e,1
Hominy,1
Joee Pine,1
New Mexiw,1
Record Group,4
Polito Montoya,1
Carlial,1
Dec. $,1
Manuel,1
the Fourth quarter,1
Wadsworth,1
Awat 19,1
Sn Doziar,1
Pueblos 1900-16,1
Senate,1
4010,1
WW. M,1
Tfiuinaa,1
Deer Hr,1
Sept. 4th,1
C. L. Puma,1
Dec. 14, 1903,1
Jenez Pueblo-,1
Dov-W,1
Speciel Piles,1
Sneta Fe,1
LOO Lona,1
Navehoe,1
LABOR,1
1":-,1
Jaw-M4 I'js'nfl',1
Jose ....,2
Martln,1
San Francisco,4
Jan. s,1
€$¢6WM_ L.,1
June 22nd-- ',1
J. A. Mentoya,1
Company,1
Friday,4
Department of Interior,1
Victoria,1
Jrawer,1
1886-1954,1
Taco,1
1115,1
1911-12,1
June 3,1
June 1,1
Carliele,1
Domingo Antonio,1
Deer Ir,1
Carlisle Indian School,1
Hadley,1
Jan. 9,2
Jan. 2,1
Bemellllo,1
W tum'W',1
Bantu,2
Snntn 1'0,1
Aug.,1
2lst,1
Ceohiti,2
Santiago Iorem,1
Guam,4
Ambrosia Garcia,1
Aug;,1
Sept. 20,1
Sept. 21,1
Polish,1
Fulton St.,2
Sept. 28,1
Sonto Io,1
Clow l-BGO,1
Pucblos 1900-16,1
Reapectf-nly,1
Aug. 7th,1
M. 8,1
Nov. 25,1
Agent A. To,1
Rwanda,1
Sept. 5, 1905,1
Picuris,3
next year,1
Reopeotmu,1
Thu-AI Pereteee,1
Indium Iohool,1
Santa Eb,1
Santa Ee,2
fourteen years,1
Herrera,1
Polioh,1
Connie,1
44/ 1',1
Ixoknooo,1
July 7, 1906,1
A1*uqmerque,1
Miscelleneous
Letters,1
New lexico,1
33—.,1
Hundred Thirty-Two(132,1
May 13, 1905,1
Diego Nurejo,1
Auguat 7,1!05,1
Wfl/,1
July 5,1
Albuquerque Indien,1
Wis.,1
April,4
December,1
Rode,3
Groerbasm,1
Pink Bums,1
14 6384-2216-4168,1
N. M.

Dal,1
Jan. 85,1
E. Allen,1
Decenti,1
I. Y.,1
I. 1,1
Eepeuele,1
Juan,4
four month,1
Eileen Bolger,1
July 17',1
this day,1
Eicuris,1
Indien Affeigg Field,1
Roy 0.111-,1
I. ',1
-fl""—4-J,1
Santa Fe Enrdunro,1
W. Irma-a,1
Two Thousand One,1
Jan. 4, 1904,1
1980,1
Agent A. 1',1
N. 11,3
Kansas city,1
Canker,1
next month,1
Wlufleyor Generel,1
.T. Roe,1
1900-18,1
1900-17,1
1900-16,2
November,2
Alec,1
W. M. Rapp,1
I.H. June,1
Indian
School Service,1
Teoc,1
I. u,1
Teoe,2
April 19, 1005,1
Anastasia,1
Istsl Barr,1
Teos,2
Luann,1
October 8,1904,2
yOu tho month,1
Bowls,1
Pueblo Indiana,3
Indus Industriel School,1
Sept. 11, 1906,1
Loose,1
C. L. Pollnrd,1
H. Dickson,1
Juot,1
Bantu Clera,1
Pueblo Indians,2
Memnstm,1
Embudo,2
Kuama Canon,1
LIL.,1
Iohool,1
James T. Ccnnora,1
Thousand Two,1
April 17,2
;a summer months,1
the 16th,2
Oct. 4, 1905,4
Thousand Two Hundred lin.feet,1
Espanola,5
John V. Rausch,1
April 19,2
the Alveredo Hotel,1
Missfmnna Dawson,1
Robert Martin,1
Aggggs :ggp,1
E. L. mug-,1
Pedro Cajete,2
Ianta Fo,1
Aocount U.8.Ind1e.n,1
Supt C. J. Grandall,1
Emma-m,- N. M.,1
1903-18,1
Ramon Sanchez,2
Maria,1
February,3
the last year,1
Hanna,1
Feb. 7th,1
&do Tue Heed ~Hu-uld he,1
John

Miller",1
Cemieeiouer,1
May 19, 1905,1
Jenuery,1
8004,1
April 84, 1005,1
J. B. Hannah,1
Page,1
the 20th of this month,1
w W.,1
Roswell,1
Flores, Jesus,1
1-00,1
U.8.Indien Industrial School,2
U.S.Indian induStriul School,1
I. u.,2
Spanish,3
Guru,1
Healer,2
Cochiti,10
2899-1 - 6,1
